{
  "SVD_RMSE": 0.9002239548794513,
  "PMF_RMSE": 0.9012283454717511,
  "PMF_vs_SVD_improvement_%": -0.11157119146362315,
  "Baseline_RMSE": 1.1197293450628865,
  "SVD_best_k": 50
}