{
  "SVD_RMSE": 0.9681136053171361,
  "PMF_RMSE": 0.9152290402032707
}