{
  "SVD_RMSE": 0.9681136053171361,
  "PMF_RMSE": 0.9152290402032707,
  "PMF_vs_SVD_improvement_%": 5.462640419823602
}