{
  "SVD_RMSE": 0.9095553603148937,
  "PMF_RMSE": 0.8491437281170681,
  "PMF_vs_SVD_improvement_%": 14.143085160258877,
  "Baseline_RMSE": 1.1197293450628865
}
